time,posicao,pontos,jogos,vitorias,saldo,pontos_medios,titulo,acesso_direto,g6,acesso_playoff,acesso,rebaixamento
Vila Nova,1,54,30,16,12,65.0,0.226,0.4199,0.922,0.2653,0.6853,0.0
Novorizontino,2,51,30,14,22,65.4,0.2355,0.4538,0.9309,0.3133,0.7671,0.0
Fortaleza,3,51,29,14,9,65.7,0.2411,0.4422,0.9198,0.2644,0.7066,0.0
Juventude,4,50,29,14,12,65.3,0.2128,0.4225,0.9153,0.2963,0.7187,0.0
Atlético Goianiense,5,49,30,13,10,61.9,0.0398,0.1127,0.6707,0.2745,0.3872,0.0
Operário-PR,6,48,30,13,5,60.8,0.0224,0.07,0.5685,0.206,0.276,0.0
Criciúma,7,47,29,13,1,60.0,0.0159,0.0497,0.4633,0.1573,0.207,0.0
CRB,8,45,29,13,1,57.3,0.0044,0.0177,0.2479,0.0817,0.0995,0.0001
Sport,9,44,30,11,8,55.3,0.0003,0.0023,0.0923,0.0356,0.0379,0.0003
Cuiabá,10,43,29,10,8,57.1,0.0014,0.0078,0.1699,0.0715,0.0792,0.0001
Goiás,11,42,30,12,-6,52.3,0.0001,0.0002,0.02,0.0053,0.0055,0.0024
São Bernardo,12,42,30,11,9,53.4,0.0001,0.0004,0.0385,0.0149,0.0153,0.0018
Náutico,13,41,30,11,1,51.2,0.0,0.0002,0.0107,0.0033,0.0035,0.011
Athletic Club,14,41,29,10,3,53.0,0.0001,0.0004,0.03,0.0105,0.011,0.006
Ceará,15,36,30,9,-6,46.5,0.0,0.0,0.0001,0.0001,0.0001,0.1677
Botafogo-SP,16,32,29,8,-4,44.4,0.0,0.0,0.0,0.0,0.0,0.3276
Avaí,17,30,29,8,-8,41.7,0.0,0.0,0.0,0.0,0.0,0.6298
Londrina,18,28,30,7,-4,38.9,0.0,0.0,0.0,0.0,0.0,0.8533
América Mineiro,19,17,29,4,-28,24.0,0.0,0.0,0.0,0.0,0.0,1.0
Ponte Preta,20,13,29,3,-45,17.2,0.0,0.0,0.0,0.0,0.0,1.0
