id_jogo,data,status,adversario,mando,gols_vila_nova,gols_adversario,resultado,gols_1t_vila_nova,gols_1t_adversario,gols_2t_vila_nova,gols_2t_adversario,resultado_intervalo,estadio,cidade,posse_vila_nova,finalizacoes_vila_nova,chutes_alvo_vila_nova,chutes_fora_vila_nova,chutes_bloqueados_vila_nova,chutes_area_vila_nova,chutes_fora_area_vila_nova,escanteios_vila_nova,faltas_vila_nova,impedimentos_vila_nova,passes_vila_nova,passes_certos_vila_nova,amarelos_vila_nova,vermelhos_vila_nova,defesas_vila_nova,posse_adversario,finalizacoes_adversario,chutes_alvo_adversario,escanteios_adversario,faltas_adversario,passes_adversario,passes_certos_adversario,amarelos_adversario,vermelhos_adversario,aproveitamento_passes_vila_nova,precisao_finalizacao_vila_nova,conversao_vila_nova,aproveitamento_passes_adversario,precisao_finalizacao_adversario,conversao_adversario
espn_401860064,2026-03-21,finished,CRB,Casa,2,2,E,0,1,2,1,D,Estádio Onésio Brasileiro Alvarenga,Goiânia,0.354,8,4,3,1,,,3,22,0,240,173,4,1,6,0.646,12,9,5,16,433,361,4,1,0.7208,0.5,0.25,0.8337,0.75,0.1667
espn_401860073,2026-04-01,finished,Sport,Fora,1,1,E,0,0,1,1,E,Estádio Ilha do Retiro,Recife,0.608,16,2,11,3,,,3,12,2,505,446,4,1,6,0.392,10,7,6,11,320,250,2,1,0.8832,0.125,0.0625,0.7812,0.7,0.1
espn_401860086,2026-04-04,finished,Atlético Goianiense,Casa,2,1,V,0,1,2,0,D,Estádio Onésio Brasileiro Alvarenga,Goiânia,0.58,17,5,8,4,,,8,16,1,357,265,3,0,3,0.42,10,4,3,24,267,181,2,0,0.7423,0.2941,0.1176,0.6779,0.4,0.1
espn_401860093,2026-04-11,finished,Ponte Preta,Fora,1,0,V,1,0,0,0,V,Estádio Moisés Lucarelli,Campinas,0.504,14,5,6,3,,,4,15,2,379,296,4,0,5,0.496,17,5,9,12,355,277,1,0,0.781,0.3571,0.0714,0.7803,0.2941,0.0
espn_401860104,2026-04-18,finished,Operário-PR,Casa,2,1,V,1,1,1,0,E,Estádio Onésio Brasileiro Alvarenga,Goiânia,0.453,10,4,3,3,,,3,22,2,304,245,7,0,2,0.547,7,3,6,7,366,299,2,0,0.8059,0.4,0.2,0.8169,0.4286,0.1429
espn_401860119,2026-04-26,finished,Ceará,Fora,3,3,E,1,3,2,0,D,Arena Castelão,Fortaleza,0.545,11,6,0,5,,,4,12,1,395,322,3,0,2,0.455,8,5,3,17,325,247,1,0,0.8152,0.5455,0.2727,0.76,0.625,0.375
espn_401860124,2026-05-04,finished,Athletic Club,Casa,1,1,E,0,0,1,1,E,Estádio Onésio Brasileiro Alvarenga,Goiânia,0.678,23,5,6,12,,,9,13,0,522,443,2,0,1,0.322,2,2,1,14,254,186,3,1,0.8487,0.2174,0.0435,0.7323,1.0,0.5
espn_401860133,2026-05-09,finished,Goiás,Fora,0,1,D,0,0,0,1,E,Estádio da Serrinha,Goiânia,0.643,11,1,4,6,,,5,10,0,451,386,2,0,2,0.357,12,3,4,15,244,181,4,1,0.8559,0.0909,0.0,0.7418,0.25,0.0833
espn_401860151,2026-05-17,finished,Avaí,Casa,2,0,V,2,0,0,0,V,Estádio Onésio Brasileiro Alvarenga,Goiânia,0.45,14,6,3,5,,,2,21,3,344,264,4,0,3,0.55,7,3,1,16,431,341,3,0,0.7674,0.4286,0.1429,0.7912,0.4286,0.0
espn_401860160,2026-05-24,finished,América Mineiro,Fora,2,1,V,0,1,2,0,D,Estádio Raimundo Sampaio (Independência),Belo Horizonte,0.498,12,4,5,3,,,4,16,0,450,363,3,0,4,0.502,17,5,4,15,451,372,3,0,0.8067,0.3333,0.1667,0.8248,0.2941,0.0588
espn_401860168,2026-05-31,finished,Londrina,Fora,1,0,V,0,0,1,0,E,Estádio Vitorino Gonçalves Dias,Londrina,0.665,18,3,8,7,,,9,14,2,462,405,4,1,5,0.335,7,5,2,13,241,167,4,2,0.8766,0.1667,0.0556,0.6929,0.7143,0.0
espn_401873942,2026-06-08,finished,Botafogo-SP,Casa,1,0,V,1,0,0,0,V,Estádio Onésio Brasileiro Alvarenga,Goiânia,0.504,17,4,7,6,,,9,13,1,298,229,1,0,0,0.496,7,1,9,16,290,206,4,0,0.7685,0.2353,0.0588,0.7103,0.1429,0.0
espn_401873963,2026-06-14,finished,Cuiabá,Fora,0,1,D,0,0,0,1,E,Arena Pantanal,Cuiabá,0.489,10,3,3,4,,,2,10,2,442,358,1,0,3,0.511,7,4,5,12,453,383,1,0,0.81,0.3,0.0,0.8455,0.5714,0.1429
espn_401873974,2026-06-20,finished,Náutico,Casa,4,3,V,4,1,0,2,V,Estádio Onésio Brasileiro Alvarenga,Goiânia,0.328,13,6,6,1,,,2,14,2,264,195,2,0,4,0.672,20,7,10,12,524,441,2,0,0.7386,0.4615,0.3077,0.8416,0.35,0.15
espn_401860204,2026-06-26,finished,Novorizontino,Fora,1,2,D,1,1,0,1,E,Estádio Dr. Jorge Ismael de Biasi,Novo Horizonte,0.489,9,3,1,5,,,4,15,4,363,263,2,1,3,0.511,18,5,6,16,373,275,1,0,0.7245,0.3333,0.1111,0.7373,0.2778,0.1111
espn_401873995,2026-07-06,finished,São Bernardo,Casa,2,1,V,1,0,1,1,V,Estádio Onésio Brasileiro Alvarenga,Goiânia,0.465,16,5,8,3,,,6,10,1,323,259,0,0,5,0.535,9,6,6,11,378,298,3,0,0.8019,0.3125,0.125,0.7884,0.6667,0.1111
espn_401860231,2026-07-10,finished,Juventude,Fora,0,1,D,0,1,0,0,D,Estádio Alfredo Jaconi,Caxias do Sul,0.565,8,0,3,5,,,2,16,1,419,344,1,0,3,0.435,10,4,5,24,324,251,4,0,0.821,0.0,0.0,0.7747,0.4,0.1
espn_401874006,2026-07-18,finished,Criciúma,Fora,0,2,D,0,1,0,1,D,Estádio Heriberto Hülse,Criciúma,0.629,12,2,3,7,,,2,20,1,404,332,3,0,2,0.371,9,4,5,19,231,163,5,0,0.8218,0.1667,0.0,0.7056,0.4444,0.2222
espn_401860244,2026-07-21,finished,Fortaleza,Casa,2,1,V,2,0,0,1,V,Estádio Onésio Brasileiro Alvarenga,Goiânia,0.517,10,4,4,2,,,4,18,2,370,297,1,0,2,0.483,9,3,4,12,348,269,3,0,0.8027,0.4,0.2,0.773,0.3333,0.1111
espn_401860259,2026-07-27,finished,CRB,Fora,0,2,D,0,2,0,0,D,Estádio Rei Pelé,Maceió,0.556,11,4,6,1,,,5,14,0,450,373,2,0,8,0.444,22,10,6,11,366,298,0,0,0.8289,0.3636,0.0,0.8142,0.4545,0.0909
espn_401860263,2026-08-08,finished,Sport,Casa,0,1,D,0,1,0,0,D,Estádio Onésio Brasileiro Alvarenga,Goiânia,0.62,16,1,7,8,,,15,11,0,439,352,1,0,2,0.38,5,3,2,19,286,208,5,0,0.8018,0.0625,0.0,0.7273,0.6,0.2
espn_401860280,2026-08-15,finished,Atlético Goianiense,Fora,2,0,V,1,0,1,0,V,Estádio Antônio Accioly,Goiânia,0.353,7,3,3,1,,,3,15,1,215,142,2,0,3,0.647,11,3,15,11,376,301,4,0,0.6605,0.4286,0.2857,0.8005,0.2727,0.0
espn_401860282,2026-08-19,finished,Ponte Preta,Casa,6,0,V,3,0,3,0,V,Estádio Onésio Brasileiro Alvarenga,Goiânia,0.636,25,15,6,4,,,9,14,5,457,385,0,0,2,0.364,4,2,4,18,261,191,3,0,0.8425,0.6,0.24,0.7318,0.5,0.0
espn_401860295,2026-08-23,finished,Operário-PR,Fora,0,0,E,0,0,0,0,E,Estádio Germano Krüger,Ponta Grossa,0.401,12,3,8,1,,,7,14,3,256,176,2,0,2,0.599,9,2,5,19,393,308,3,0,0.6875,0.25,0.0,0.7837,0.2222,0.0
espn_401860306,2026-08-30,finished,Ceará,Casa,2,0,V,1,0,1,0,V,Estádio Onésio Brasileiro Alvarenga,Goiânia,0.455,16,7,6,3,,,5,18,1,293,241,2,0,3,0.545,7,3,7,10,334,265,3,0,0.8225,0.4375,0.125,0.7934,0.4286,0.0
espn_401860320,2026-09-04,finished,Athletic Club,Fora,0,5,D,0,3,0,2,D,Estádio Joaquim Portugal,São João del-Rei,0.58,12,4,4,4,,,2,11,0,522,443,2,1,6,0.42,14,11,2,17,370,309,3,0,0.8487,0.3333,0.0,0.8351,0.7857,0.3571
espn_401860326,2026-09-10,finished,Goiás,Casa,2,0,V,0,0,2,0,E,Estádio Onésio Brasileiro Alvarenga,Goiânia,0.348,21,8,9,4,,,2,18,1,254,181,6,0,4,0.652,12,4,7,14,490,413,2,0,0.7126,0.381,0.0952,0.8429,0.3333,0.0
espn_401860333,2026-09-14,finished,Avaí,Fora,1,1,E,1,1,0,0,E,Estádio da Ressacada,Florianópolis,0.556,11,2,6,3,,,4,14,0,554,464,1,0,1,0.444,8,2,4,9,431,357,1,0,0.8375,0.1818,0.0909,0.8283,0.25,0.125
espn_401860344,2026-09-18,finished,América Mineiro,Casa,1,0,V,1,0,0,0,V,Estádio Onésio Brasileiro Alvarenga,Goiânia,0.406,14,2,4,8,,,5,20,2,331,258,3,0,5,0.594,20,5,5,16,479,407,2,0,0.7795,0.1429,0.0714,0.8497,0.25,0.0
espn_401860356,2026-09-25,finished,Londrina,Casa,2,0,V,1,0,1,0,V,Estádio Onésio Brasileiro Alvarenga,Goiânia,0.564,23,9,8,6,,,9,18,1,473,401,0,0,4,0.436,10,3,5,9,365,285,3,0,0.8478,0.3913,0.087,0.7808,0.3,0.0
espn_401860370,2026-10-03,scheduled,Botafogo-SP,Fora,,,,,,,,,Estádio Santa Cruz,Ribeirão Preto,,,,,,,,,,,,,,,,,,,,,,,,,,,,,,
espn_401860376,2026-10-07,scheduled,Cuiabá,Casa,,,,,,,,,Estádio Onésio Brasileiro Alvarenga,Goiânia,,,,,,,,,,,,,,,,,,,,,,,,,,,,,,
espn_401860382,2026-10-11,scheduled,Náutico,Fora,,,,,,,,,Estádio dos Aflitos,Recife,,,,,,,,,,,,,,,,,,,,,,,,,,,,,,
espn_401860396,2026-10-18,scheduled,Novorizontino,Casa,,,,,,,,,Estádio Onésio Brasileiro Alvarenga,Goiânia,,,,,,,,,,,,,,,,,,,,,,,,,,,,,,
espn_401860407,2026-10-23,scheduled,São Bernardo,Fora,,,,,,,,,,,,,,,,,,,,,,,,,,,,,,,,,,,,,,,,
espn_401860416,2026-10-30,scheduled,Juventude,Casa,,,,,,,,,,,,,,,,,,,,,,,,,,,,,,,,,,,,,,,,
espn_401860424,2026-11-06,scheduled,Criciúma,Casa,,,,,,,,,,,,,,,,,,,,,,,,,,,,,,,,,,,,,,,,
espn_401860437,2026-11-14,scheduled,Fortaleza,Fora,,,,,,,,,,,,,,,,,,,,,,,,,,,,,,,,,,,,,,,,
